{"world_2_cam": {"30": [[0.8886470699725812, -0.07066501946733757, -0.45311459924927056, 2.68612413343034], [0.04948476486409825, 0.9970633145025475, -0.05844659887058411, -0.1152102145034706], [0.4559140742239607, 0.02951612943586708, 0.8895342348822973, 0.573182155552577], [0.0, 0.0, 0.0, 1.0]], "front": [[0.9999738029823422, 0.007233611279525404, 0.00026118363012661957, -0.23350419722784008], [-0.007232249112765935, 0.9999619107368681, -0.004885862077740444, -0.33372289000523186], [-0.00029651610887035466, 0.004883845137648068, 0.9999880299957938, -0.37646610028480615], [0.0, 0.0, 0.0, 1.0]], "60": [[0.641390788957067, 0.04100315824431212, 0.7661178739952639, -4.695323065459487], [-0.029903225755346034, 0.9991481121225004, -0.028440237894014474, -0.1905545088193305], [-0.7666313670405458, -0.0046680891203174976, 0.6420705226168764, 4.973525779215564], [0.0, 0.0, 0.0, 1.0]], "down": [[0.9989808315876902, -0.03602267843624985, 0.027196778460794976, -0.1839353601912687], [0.02632091109050855, 0.954412152090129, 0.29732920068848634, -2.2140035299195038], [-0.036667530046794336, -0.29631032817127245, 0.9543875950887566, 0.4366693745442823], [0.0, 0.0, 0.0, 1.0]], "top": [[0.9995561154845993, -0.022854304661562522, 0.019111586950717026, -0.29552227107664336], [0.02819997448694157, 0.9327113998339441, -0.3595194098497886, 1.7217108739096458], [-0.009609028893399188, 0.3598987710151854, 0.9329418744945931, 0.09031312069333303], [0.0, 0.0, 0.0, 1.0]]}, "intrinsics": {"30": [[4351.750990292496, 0, 960.0], [0, 4351.750990292496, 540.0], [0, 0, 1]], "front": [[4326.915764480535, 0, 960.0], [0, 4326.915764480535, 540.0], [0, 0, 1]], "60": [[7536.059624113858, 0, 960.0], [0, 7536.059624113858, 540.0], [0, 0, 1]], "down": [[4070.2705447813332, 0, 960.0], [0, 4070.2705447813332, 540.0], [0, 0, 1]], "top": [[4272.6306629949695, 0, 960.0], [0, 4272.6306629949695, 540.0], [0, 0, 1]]}}